<?xml version="1.0" encoding="UTF-8"?>
<beans xmlns="http://www.springframework.org/schema/beans"
       xmlns:xsi="http://www.w3.org/2001/XMLSchema-instance"
       xmlns:context="http://www.springframework.org/schema/context"
       xmlns:mvc="http://www.springframework.org/schema/mvc"
       xmlns:mvn="http://www.springframework.org/schema/mvc"
       xsi:schemaLocation="http://www.springframework.org/schema/beans
       http://www.springframework.org/schema/beans/spring-beans.xsd
       http://www.springframework.org/schema/context
       http://www.springframework.org/schema/context/spring-context.xsd
       http://www.springframework.org/schema/mvc
       http://www.springframework.org/schema/mvc/spring-mvc.xsd">

    <!--关联applicationContext.xml文件-->
    <import resource="classpath:applicationContext.xml"/>

    <!--组件扫描器 IoC 和DI注解生效-->
    <context:component-scan base-package="cn.code.testsys"/>

    <!--mvc注解解析器-->
    <mvc:annotation-driven/>

    <!--将静态资源交由tomcat服务器处理-->
    <mvn:default-servlet-handler/>

    <!--配置视图解析器-->
    <bean class="org.springframework.web.servlet.view.InternalResourceViewResolver">
        <property name="prefix" value="/WEB-INF/views/"/>
        <property name="suffix" value=".jsp"/>
    </bean>
    
    <!-- 配置拦截器 -->
    <mvc:interceptors>
        <mvc:interceptor>
            <!-- 拦截所有的路径-->
            <mvc:mapping path="/**"/>
            <mvc:exclude-mapping path="/userLogin"/>
            <mvc:exclude-mapping path="/login.html"/>
            <mvc:exclude-mapping path="/common/nopermission"/>
            <bean class="cn.code.testsys.web.interceptor.LoginInterceptor"/>
        </mvc:interceptor>
    </mvc:interceptors>

    <!--&lt;!&ndash;注册拦截器&ndash;&gt;-->
    <!--<mvc:interceptors>-->
    <!--    &lt;!&ndash;登录拦截器&ndash;&gt;-->
    <!--    <mvc:interceptor>-->
    <!--        &lt;!&ndash;对所有资源其拦截作用&ndash;&gt;-->
    <!--        <mvc:mapping path="/**"/>-->
    <!--        &lt;!&ndash;对哪些资源不拦截&ndash;&gt;-->
    <!--        <mvc:exclude-mapping path="/login.do"/>-->
    <!--        &lt;!&ndash;拦截器容器管理&ndash;&gt;-->
    <!--        <bean class="cn.wolfcode.rbac.interceptor.LoginInterceptor"/>-->
    <!--    </mvc:interceptor>-->
    <!--    <mvc:interceptor>-->
    <!--        &lt;!&ndash;配置权限拦截器&ndash;&gt;-->
    <!--        <mvc:mapping path="/**"/>-->
    <!--        <mvc:exclude-mapping path="/login.do"/>-->
    <!--        <mvc:exclude-mapping path="/logout.do"/>-->
    <!--        <bean class="cn.wolfcode.rbac.interceptor.PermissionInterceptor"/>-->
    <!--    </mvc:interceptor>-->
    <!--</mvc:interceptors>-->

</beans>